1,0.2,0.2,0.2,0.2,0.2,0.2,0.2,0.2,0.2,0.2
12,1.3951549698201402,0.21023351760292844,0.06979626024579974,-1.359050107570669,0.4385200406834896,0.2058534711507768,-0.7847335186965834,0.44510056199206827,0.07007170576240762,-0.2349373219116795
10,0.1076876993693745,0.6002786303290041,0.7920462603037922,-1.213242290509,-0.737586592744982,0.3589862061051068,-0.3740943529063547,0.6497711024502245,0.45137016157442095,-0.9767741710673787
1,0.8789101972651822,0.5375431290445539,-0.010487326773429673,-1.225479980672247,-1.0143922220214623,-0.22619848758236938,1.1994690658270268,0.906198683841235,0.3799448790196857,1.1074493098151157
25,1.3777190747274177,0.06431934418322788,-0.8868467028741042,-0.7579931542592957,0.07724257670456947,-0.7365720805634836,0.3765914923255138,0.6102170313686563,1.1399131653550756,0.04144510652746036
11,1.6506622556475512,0.6808760566244887,-1.4803941658317794,-1.0772658638836226,0.6167698228682433,-0.7034071582287091,0.30136266085640445,-0.7227244814288316,-0.0922036457808646,0.2894805473354086
13,1.6805967912655104,0.9185735340486373,-1.585510336936051,-1.2534148546928217,0.12631173915892258,-0.6878311974491423,-0.22525711473178583,0.1458358770091579,0.12382202148360966,0.0368648926917749
15,1.3502363813234532,1.2696956425460018,-0.3947078997222355,0.7146006615760665,1.359018975143066,-1.4577377771183007,0.3314827810055449,-0.031744217269125824,0.5038354481607277,1.091012007641646
2,0.9505526566478955,0.7640238330759629,0.7179253127090093,0.8847109757446566,1.8791434657885828,-0.8870243553591235,0.22064621287956104,0.6553506410427385,-0.43226439875643985,-0.10301924232477666
8,1.3652735311870914,1.0696933316165336,1.4306070521512644,0.17473886497193858,1.3079616470937707,-0.8050334696620403,0.33570919126493326,0.6785562694154544,-0.45304820286623343,-0.6654301105937831
7,1.850033339707009,-0.020571860084786175,1.5244181722751877,0.2338835747719601,0.8651005405153913,0.21231033531373522,-0.5295777104596644,-1.2002571387949823,-0.23464738332628554,-0.689511082934027
13,1.246688469040997,-1.074098536293816,0.6499511621096639,1.0442428501320282,-0.07802943625893566,-0.25907751235491927,-0.3417333597406933,-0.5689522439075794,0.11730973772748227,-0.3586245283437847
2,1.2089348917839,-0.7471545632514012,-0.40348461901142363,-0.29976415878655827,0.83061400252134,0.5448708494306432,-0.5302104512747945,0.6033401798937588,-0.6453707049261219,-0.7406190420419528
18,0.7856247566655055,-1.4733814516968047,-0.34793997061906223,-0.18528368473420717,0.5552063658046181,0.49236303232852796,-0.7373534595869771,0.062210223188523095,-0.2441854943818486,-0.13118582925522193
6,1.4657290176671365,-1.202062220135121,-0.2460861570702934,1.0633271945219962,0.9602938736335088,0.09664193776124974,-0.1794810569372468,-1.337628631911536,-0.1631754637753974,-0.4706519707677556
1,1.4537019701341856,-0.8756076123828426,-0.20101800672910494,0.911805432000955,-0.19824714150574396,0.12602063254202106,-1.165265532183687,-0.4771474394879488,-0.5175952753623522,0.8161588621298881
7,1.204638695344148,-0.2983485450819108,0.9705105443257562,1.1879857218382577,0.22220994881433037,-0.5626168566009653,-1.4202327020006198,-1.7374958440498265,-0.2625075399039047,1.0555628212746306
10,1.3706568400966481,-0.015607316785914871,1.0858614574094394,0.7080706684345246,0.5975564354156345,-0.9961613623288987,-0.7804323601945362,-1.4019064631415088,1.2708460949042393,1.204896616634442
2,0.916433809631361,0.3131434191298728,1.9922857000976069,0.06831562099608124,-1.0063684971367248,-0.07964675042531821,-0.10338853660038172,-2.405983179769356,0.21804404205284023,1.8815570915060984
1,0.5038085953751259,-0.3990621108395041,1.0043744167881994,0.658484051129079,-0.5120940465046309,0.24384693571826532,-2.4309265519060888,-1.2019296063412785,0.2582853576107469,2.655158753317429
6,0.6214555828608914,-0.9921024996670136,-0.04534781225727991,1.3249242331339084,-0.9296311302625724,0.29709726502235817,-2.4790190773528953,-1.722057465345972,1.0191193050668308,2.930594829002192
6,0.27826400309315336,-0.8481656786454458,-1.7548068958559315,-0.4571915390651107,-1.5052267778839705,1.446922826524546,-0.7452203065875616,-0.7139316347571993,1.5948082585911063,3.19015539153765
13,-0.2904232764440299,-0.45231025351284404,-0.8347039743182395,0.6990333641324757,-1.4759740058599213,1.2832876310121664,-1.2832655859472784,-1.013443055523877,0.7716532111099883,3.224080305236381
14,0.2162690261652026,0.16345264091344702,-0.5783992234935955,0.8351635071298881,-0.8101187606893944,0.8824333695743525,-1.7516684648776,-1.8658667368097412,-0.4594885098128414,3.926820336567442
3,2.057991963890573,0.4787158819681665,-0.5188855574605362,-0.06974763786788263,0.10894081513839404,0.10789703290518515,-2.375690571809414,-1.2439712364736502,0.895779085338688,3.8992727229220483
3,0.8511643854218516,1.0465532103701825,-0.4539044784519019,-0.9913391175747389,-1.1258953700432817,-1.9249884524354366,-2.6521444407364196,-0.6941509537295985,0.5817019701754058,3.2093882687776345
1,1.4326798965186938,0.20698371422467587,-0.3318024596655132,-0.8375188999990295,0.7967468865221394,-2.090715887780317,-2.291765450724452,0.10144136554379557,0.6658144979026057,3.5987912127602475
7,0.6616702827922589,-0.24955508693788525,-1.7904826096700597,-0.9450211932684065,0.34142038611575387,-2.5985673411261514,-1.1290528438133987,-0.19261286515500314,1.6194120089441366,2.7607834754184752
5,1.3014286750041242,0.18799843310197328,-1.3513119656521781,-0.511889935573104,0.5993290427871747,-2.2204407648881164,-0.4302231497351572,-1.1336239249751612,2.9638640172078254,2.8209030431767155
2,1.6805574089446789,0.02337718755228868,-0.15977651936358472,0.3659398253360914,1.190809206496736,-2.2848308583298618,0.9288463949398287,-1.7488988290430127,3.6017771509329375,2.0924423513419494
12,2.0948591012238804,-1.3528511429385803,0.8185018176351874,-0.26953077747302034,1.6119403224858933,-1.6413587576540496,0.4521705614903659,-0.37678659029016015,3.6391433928547956,0.7475538035502476
3,2.208771381736843,-0.9065156885923139,0.10945688570461276,1.0012634517902006,1.0264092130423146,-0.511572143272107,-0.8309091256818226,0.9581224423714152,3.8606522833615657,0.185576394345486
10,1.0085443607835187,-1.1554639414644916,0.7904159993440941,-0.24582307570974304,1.078586835344631,-0.7169334794665256,-0.4487081540313313,0.4674113417752467,2.981253060820685,-0.20823814019311349
3,1.2415057032850227,-1.266410557078283,0.4340650797378853,-0.7814106226036313,0.4285368098591671,-0.8835784067900506,-0.6783371029163225,-0.5847829916869595,1.4264506572744662,-0.010056126618046946
7,1.6842831349762604,-1.0199716670966652,0.45656381224861475,-0.8952633192687532,0.5427881936322216,-1.3511141610642765,-0.9236924767981848,-0.7462672760289671,1.5065125256444136,0.144710514185921
28,1.5760072574899153,0.14123509637448306,0.711763148088361,-0.4977376815978297,-0.1692025756244594,-1.3084788978578568,0.5220408010924257,-1.0985084357517862,0.46065286784510606,-0.11912095515637838
11,1.3149632285693136,0.08377215402859908,1.1077796094542767,-0.6481789119287032,0.12319247367492336,-1.3497294468515333,-0.03302392434101564,-0.45677040005154035,-0.3789806649281062,0.31073154411575327
11,1.3189242139543158,0.2994831440594248,0.6988017336082533,-0.5302487954030723,0.08441687570447834,-0.9615504368569816,-1.3179885359683325,0.18499587886981872,0.4149139599348146,-0.6360128323185539
13,1.7062811131827105,1.1103735175701592,0.4200896263770318,0.5725130147490392,0.37250868272168025,-0.24030747978820988,-1.0726661552060544,1.29453849059749,0.6711299894165715,0.4637186973985634
6,1.20857816496823,0.255001804425839,1.3405423503094185,0.7513051152068904,0.8072537263360637,-0.5723771775255473,-1.4198348649895243,-0.22664994960834206,0.9118462090911845,0.4791692138481111
2,1.4722623719696648,-0.07281375925246814,1.4880227693405699,0.1456758517217538,0.09198653600112894,-0.16826078957334972,0.11504753723170391,0.3929345134345287,0.7146563401246289,1.2551899664557133
6,1.3282340071590624,-0.25642847711556127,1.7187490063973365,-0.8606067412127387,-0.8296456442759849,-0.2457553324966734,0.7923327767933223,0.5958862622445871,-0.3534752611994083,1.2274463686598853
2,0.8756334444192198,0.13695338849012628,2.3934610576107045,-0.6420897700514144,0.10450585927249667,-0.41124567269136525,0.5627425048988388,0.2077206064174667,-0.8904458266554588,0.46773558471810284
1,0.9496314449415013,-1.1928361812320603,1.461463569067461,-1.0619111069526328,0.031373442657393225,0.2493862628504221,0.10650790799965226,-0.16226427773285346,-0.8039704431888732,0.537343877262044
4,2.3244364488849243,-0.07541879321012002,0.7395466313445368,-1.443901670710498,1.0204790840388824,0.32417688266732214,0.10663109221721075,-0.21126080958677868,-0.8665346035859689,0.0864780856554257
11,2.882149670324963,-1.1240467865841173,0.5789818208081042,-1.4351113090883791,1.5409875507012285,1.9308739849580345,-0.12439369245952271,0.17679881386795132,-0.06029824233355241,0.8746669321411138
2,2.6101974922209386,-0.8157510020797443,-0.9328130167418506,-1.8661200822592257,0.8162945709974612,1.5928774798436631,0.6311126972211095,0.5877473085481696,0.19455850223341842,1.17204576826028
2,2.802191780875157,-0.5470165255258934,0.8265822366680599,-1.361798577624858,1.6397147725037955,1.022545153189156,1.0526030831294724,1.2019872649460241,-0.4857630072180701,0.20743625415979383
1,2.124274462826028,0.7196354667079654,1.45203266840717,-1.626699150418908,1.880323469430206,1.0612639815747296,1.4094471903212735,0.4199589070700127,-0.23489165471291618,0.45171075249369086
2,1.8959482289646359,0.6883000155002538,1.1533523833774904,-1.812080765382219,1.8078488134715003,0.9307178981263746,-0.34910904333539516,-0.12512802625979036,0.5675167095067388,0.25193574767743687
2,0.8361601784726362,1.458325112624121,0.09305692566868018,-1.696269327053663,2.1577288174179294,-0.774421183123198,0.7722979107770109,0.15417789403796922,1.0366205001496003,0.18155357854084864
4,1.2626902102784547,2.621021065145837,0.2882153013346678,-1.0461276292026345,1.1030930620824912,0.30044655136230203,0.5576103764013833,0.7485333556480231,0.8527505261309091,0.5994858012023723
3,0.7462496313103502,1.6750400046324683,-0.33907029091558505,-0.7216786595183018,-0.09256782709187861,0.42002172363962176,-0.01835593865946694,0.9057125276931148,1.1540761183776898,-0.6184496526313776
11,0.6360245367004794,0.9321975094966302,0.41402235776974494,0.007013791147719828,-0.2754216652705699,1.6010734046513349,0.5154139964444796,-0.1600152269940034,0.6299722642599322,-0.8631741440096082
19,0.26503270528412315,0.49119529838535114,-0.07965696870526001,0.19934824803142404,0.019561755239860534,1.5035418989769942,0.5736084337499587,-0.26620524491975917,0.5190922123504365,-0.9428212116749556
8,0.5182117014339158,0.9555600107220534,0.3190389117433183,1.1871956201878722,-1.0133566634693767,1.5528386833750707,0.47209131348615174,0.10087953710697128,0.29756599489743957,-0.58127226317232
21,1.4253307798571688,1.1551434695399376,0.750512939603315,0.8816413809400505,-0.3990408119254165,0.5862873408862739,-0.16418850426919773,-0.6674538564153534,-0.8941791547718094,0.7244986458473759
1,2.1627066350902626,1.3659469484129203,0.6765317236211784,1.0612198504396277,-0.6737610365915258,-0.18733787451870232,-0.2729013029393967,0.037752778388707275,0.9704942632893776,-0.10761965633346149
21,1.8352135078829654,0.6060078566317499,0.1388731820759832,0.7793796354324936,0.012228361347592975,-0.45321396376275064,-0.7978956247038078,0.4802055650252991,0.3079505676440375,0.6930019637611637
1,1.6638607552270637,-0.07440728794647411,0.6622057902843502,0.8852109356396937,-0.4710233080457289,0.15359388750385466,-0.7790351550816309,0.08049182027543,-0.5110571628461615,1.1273490889741866
12,1.2695075433429577,0.15172154093542414,1.662116660500353,0.8048340826288326,-0.5713054710456114,-0.16178753301644072,-1.4619014051844323,0.5053276008155212,0.13756118772410397,0.7494225422091623
6,1.5796435411621859,-0.28749888641684895,1.356593427871818,0.574718468021626,-0.08488803780037646,0.44173103499726035,-1.3106984435601905,-0.11001994033541518,0.7440429580951978,0.8606029890012035
1,1.137648921107061,-1.2076563000563552,0.2441365030638456,0.45650795648122344,0.04277979614105307,2.132018925389284,-0.6545483765171889,-0.733203909751476,0.4311546729378534,0.3526152020283285
9,1.3490802754206939,-0.7178125959484023,-0.5809874069342104,1.0923957379767568,0.21768033293267938,1.7018889661580228,-0.9149805827346674,-0.15495218011454603,0.5730627988060294,1.0669034333225795
1,1.1707617291807704,0.5156737063431771,1.3677662290303587,-0.12170608164821717,-1.641846174720138,0.4941428601024036,-1.311605835297844,-0.2297140094543958,1.0943167219208543,0.8517974497183747
1,0.6193132447092683,0.6644979228552417,0.6599769968119088,0.031613529694072384,-0.6752871980467651,-0.6584807450828267,-2.4724464097527843,-0.3839246403104838,1.1688487238353487,0.7833797894097606
5,0.18278648761951544,0.4815425592756266,0.5710527346132448,0.9013237676511363,0.1899748359414356,-0.5078191623632202,-1.5926147725590656,-0.7322237365231935,0.2004036797897164,0.8824859381767824
4,1.2162210507613533,1.1735246040366314,0.19553979903224689,1.0454407651881228,-1.3062027383257675,-0.478970913899253,-1.5626729646636084,0.21346824165297462,0.5324041280423202,-0.32076331006219694
1,0.7803866707623415,0.8242087583657325,0.30791862791217434,-0.02155871948847965,-1.1495309768966415,0.012667294473198976,-1.0204263626818784,1.9309745416913753,0.6312122399202823,-0.9772717235602395
1,-0.44083593862017434,0.8693720409481395,-0.35015806246953846,-0.2108153669131632,-2.3554187935755744,1.1970490552711088,-1.501918354599755,0.8924530800438779,0.3770460076458733,-1.3690278265702505
3,-0.13228753695349554,0.6467151598868205,-1.3497933266151314,-0.9804835534711368,-3.1646489838912824,-0.19555106011799395,-1.1120434527388734,-0.29071630540500015,0.017883933565325194,-1.0707618557104068
9,0.16568559411585676,0.4211004503324871,-1.273870572985754,-1.066000773326444,-3.797397164344369,-0.18643450532703615,-0.6369910426153307,-0.6196520234441074,0.0662129500764255,-1.185977757990711
4,0.564280755131863,1.2973545942651343,-0.9894224302944983,-0.32276756570490106,-3.188085079228143,-0.3825166629083229,-1.685556200315396,-0.9833119890880225,0.6021153242435217,-0.6498247892337722
3,0.23354385465434901,0.47748523381765307,0.2255657562850455,0.2784786127422798,-3.137374724636468,-0.46305182855138693,-2.106014233727317,0.11589706275103506,0.20879314089790213,-0.8835683859662646
14,0.4745868994387742,-0.05186315978205325,-0.20728007734688486,-0.12377040644068771,-2.8792709470426026,-0.2725180728030431,-2.5803293041009403,-0.11193923074144879,0.5931203780691117,-0.5999652530965305
1,0.81008580623737,-0.25861497706587006,0.10958380326035261,-1.043136993579501,-2.389678872973763,0.07638998007620612,-1.5298063485596898,-1.8829769612860825,1.3897096067979846,-0.99547816104751
1,2.2893147452214313,-0.48976632940158554,-0.09190979026388402,-0.8450431197302115,-1.5558246924399213,-0.03398608195179523,-0.37863046933281197,-1.0672569026957222,0.5301204491590499,-0.5082322394362214
4,1.0721645301170286,-0.3074465224490393,-0.19995795881149006,-1.9409040494951866,-1.9188753716473175,0.23763220133722043,-0.5589868387695233,-1.5900063831753017,-0.23385032143549256,-1.041823805019503
14,0.5814565517957062,-0.8729831878320751,0.3812106987715035,-0.9040583511719886,-1.5796875364516967,-0.1336480373100156,-0.23201715030090225,-0.9464261554243917,-0.15219547344431478,-1.752181195363546
6,1.20850960478243,-1.3951550067154184,0.5457250409058604,1.573083817685064,-0.8575309465435255,0.3847552290445274,-0.25468917242408734,-0.37766307510582253,-0.9717401918692827,-1.9425875166881483
2,0.734278615149871,-1.0215193613225648,0.1627966887930904,1.9890198232202554,-2.063144735096886,0.5553516713776513,-0.24625424754129246,-0.45952707663614095,-0.38567367518227635,-2.395017691841474
2,0.4801074854836576,-0.6286793207388726,-0.5141235750510227,2.4401527301644466,-0.5936301929049681,-0.34252818805149177,-1.270435637594705,-1.606029394429989,-0.4750365261217989,-1.292123957877709
7,1.0076585400181148,-0.4521650112764032,-0.05649631308418174,2.8901115606027052,-0.021307109112110867,-0.21527473600658503,-1.672606955655233,-1.0761166689055854,-1.1206575099211626,-0.6363071697266754
9,0.5181974930190913,-0.1444286095538988,-0.3693721253057726,1.9305192602032646,0.8989650805555602,-0.5051251239192326,-2.0787914162965997,0.18219818246581765,-0.10882843460999037,1.3550865821683349
1,1.5178129690090827,-0.37765605707412975,-0.6248495628613343,1.839796221296903,0.9315133888100512,0.2884024196643058,-1.782391109037179,0.1054215099519521,-0.5319567185618412,0.29666307510339895
3,1.189756649917327,-1.724928254575667,-2.2663355588452894,1.4886873150969202,0.6877081559511923,1.3048741451417325,-1.6601353162703774,0.5695663537746349,0.0776655103471956,0.12035665615103328
7,0.5684947218601446,0.030972465524633952,-2.233959081099012,1.4300774658035997,-1.2914538090969967,1.3833775776210502,-0.9967270076820214,-1.6495542779896013,0.6258047430937544,0.7289536516752447
24,0.8571188304395547,-0.7756999679704564,-2.518939627864664,-0.20058499964609355,-1.7482105961435757,1.9245775560210165,0.5739970174976474,-1.1707627581614073,-0.004214190133357443,0.3246460198305538
10,0.0796390860690529,-0.6056935985921491,-2.5136213623137262,0.017234810016960783,-2.179817792117311,2.709686727813156,-0.3885786002423727,-1.2536399998438885,-0.5704709306617455,0.5016195559112504
18,0.1517612114112087,-0.899629636189077,-1.5678018843732022,0.5352453609487632,-2.4388375894805376,2.608608670302406,-0.95245322594298,-0.3919618503469753,-1.0040407774367452,0.20718286895809013
1,0.26222687751310714,-0.7155950262792004,-1.7200449565246416,1.2171130680444442,-2.339628560535237,2.4784231176502276,0.023042648444240865,0.4141072573890391,-0.6327460870225639,-0.41392441863567364
5,-0.181150385722484,0.8705715965440153,-0.891355830726229,0.577310821857572,-0.8302540711828226,2.386187175309539,0.11458128721221021,1.9660905126367907,0.6207794417263395,0.27930845235256385
8,0.6106919415320436,1.429058514695292,-1.1225649175666557,-0.0006373997759016037,-1.6631150440970215,2.6882955044777113,-0.6017802561500735,2.0107614353635386,-0.06623430426599031,-1.4856733109846343
13,0.5864774640138997,0.5403430541839267,-0.660074399380008,-1.6642398578230688,-1.279561341328594,3.839407270955644,-1.3676675480005605,2.1912534900883847,-0.5130384289254621,-0.861956929987757
6,-0.3455176001214424,0.279605237207888,-0.9162158343083306,-1.8098250458049077,-0.9673399598175292,3.5712859666573453,-0.9850720845231249,1.8187694163475405,-0.7513024390245997,-1.2881721853822887
6,-0.35928297351127203,0.6834234809672404,-0.4843839428249067,-0.13791803035695405,-0.8781755449486973,3.9029480512322436,0.1602203547792982,1.6065473137773498,-1.6465193245638914,-1.4381334658186695
2,-0.6431262550605954,-0.1935729359539169,-0.8072664171539261,-0.17628241575051629,-0.16741510368294354,2.3612485834319425,0.673652776564645,1.1087276766930043,-1.908170906241057,-1.5909603821170282
1,-1.067218484238913,-0.636068653125506,-1.0617293192007822,1.0237073974761723,-0.8178469533040689,1.621599162617935,0.6769769004871194,1.638889747368035,-1.905472532777029,-1.6439565826487392
4,-0.8279015129735006,-0.39679554133430933,-0.6586426413243511,1.4104761209583412,-0.11546809176111372,2.3660228381281305,1.6279248780833417,1.8236759441238046,-0.8091434343178723,0.2329114636890468
3,-0.7118984935467281,0.7920741028862326,-0.6503078712309968,1.5504407412111498,-0.3224639636957437,3.2133741276638705,2.455910560549998,0.9758994840799313,0.04847919357552466,0.08963848803059063
3,-0.565382317814989,0.7443097164031763,-0.5964573733372116,1.1769737880034004,-0.34600645513891176,3.49811421223162,1.5899174757672938,1.0191093695754636,1.0956394867844084,0.6351184328291555
1,-0.14559970834921276,-0.5438757575715102,-2.2359080726737997,1.2188769559512431,-0.568788923929852,2.317532851518938,1.8377505745460367,0.5419208473512074,0.8989202838601191,1.242044587913
4,0.11903620666826142,-1.186222268087373,-1.9882755149691311,1.0941439069660996,-0.3134798567349809,2.7090599171392284,0.9259284208848796,0.5737713114116687,0.34306044675385405,1.0640585820758806
2,1.6518367173471988,-2.2028264558806097,-1.3694461425843016,0.7708415639738322,1.1943894635071963,2.516821084618694,0.9170377458923571,0.2443437972555576,-0.42219988255796903,-0.011733189727669346
8,1.5158115089713209,-1.9894979980496545,-1.9504225938417412,0.7632991461398961,1.265927642187451,2.1467112049897716,1.6584142763627705,-0.30686555308351154,-1.1769100641894257,0.1861630689571243
5,1.9700266418200705,-1.6835647492098982,-2.6551598553837756,-0.0758130026896996,1.6165355493455742,1.857640575383967,1.6771444370013735,-0.8148121083686926,-0.009950995798208018,0.07210261833417199
4,1.7899633475104824,-1.2430112296591758,-2.8108262350975743,-0.4052993744879802,1.667983612354688,1.4162363631746238,1.9426963045186263,-2.2700432560839934,0.2821943040922957,-0.44079244688806885
2,2.104107621114898,-1.8346832833196074,-1.843398883994164,-0.8328068638976777,1.2682413796074925,1.3612385998349403,1.516090137032453,-2.6403779503593743,0.9246082003332774,-0.798940707644189
7,0.9822398597386448,-2.3622036601537646,-1.3534947910411252,-0.16553054557208857,1.0812888210902678,1.981184695313454,-0.34735329198297515,-3.031800963766816,0.6752707384711016,-0.2177161780775494
16,1.4601799715697346,-1.332458088699904,-2.1678124316942053,-1.2590856579988778,0.8323538352479971,1.4727894519972462,-0.45641361482799636,-2.247219218864629,0.41990033983576025,0.1677704782483183
10,1.4340866181388647,-1.3269840871701923,-1.7826085351529433,-1.7425180913179377,0.2744910761533973,1.7591047943814233,-1.2980352546199136,-1.2198713280803661,0.2433405046353978,0.2632464619805771
2,1.5279841710272133,-0.33030917813007143,-1.718577708444329,-0.04183468950034741,-0.6565414067921228,1.5037713190324624,-0.8790730597212477,-1.3476038431419903,0.32395628580372343,-0.4464491305839934
6,1.3406709632938523,-0.1389648599558583,-1.3978137997243103,-0.5759907843826072,-1.297583930419436,1.181182448747537,-0.9874796916664941,-1.2281945876811349,1.2194310831112773,-0.7492174991643452
1,0.5557066268246561,-0.5048764626575525,-1.8263612047307543,-0.932016483348522,-1.7476932727842938,1.4271668927652639,-1.1237988160384582,0.0872679610657432,0.34790228738150686,-1.2076371125001346
4,0.5001229262436377,-1.4733098238441042,-0.005763787337342174,-1.1097656693833196,-2.1366656530818897,-0.2688533134943025,-0.9898105322089629,-0.9959253176882534,0.20165999996248174,-0.3016979357377664
1,-0.09436990189338335,-1.6997926225920839,0.3070217344941159,-0.8678216933475588,-1.6634755950589377,-0.26277677923584897,-0.7027007449795946,-0.13484370806615298,-0.35765520399296447,-0.34244811823345467
1,1.1499957784482602,-1.0138096223166229,0.8405764877570647,0.08401832791379782,-1.5202551106170916,1.5293194759291775,-1.0651494991716155,0.4862268661848158,0.7051856616125564,-1.144515142747276
2,1.4642947704479128,-2.4350565172503353,0.6390794012273052,0.7408769787919357,-1.10715629588743,-0.11936308884332592,-0.291882398833998,0.13162157653864415,0.09250267227380238,-1.2861567693083447
7,1.313023834347355,-2.313360658185524,0.6245025261228212,0.28341868816133775,0.71630247094092,-0.606790085574977,-0.525088850640731,0.18306032690965693,-0.7295759185482057,-0.2916623715918354
15,1.666644680335564,-2.182678792708079,-1.599797692617951,0.9407105855870412,1.1849783897947415,-0.07774930256322643,-1.209251860785898,0.9488970286690033,0.3496163720459061,-0.8084870766301814
6,0.6831842688028079,-2.1126237947317583,-1.2802137104080145,0.39513154308550824,0.7020625239556838,0.33731570178854087,-1.08182621736067,0.8556575345490173,-0.8142033108015879,0.4823294715001142
12,1.12927432164978,-2.086562702586527,-1.0303951976692531,-0.1730079194415468,-0.9889934279446434,0.26084831625202576,-1.6277521734477762,-0.039892897604289934,-0.7361840806575423,-0.12001111773401996
3,0.1597359997344887,-2.242404961430976,-0.04834565124933099,0.4130579157372686,-0.4015800270040141,-0.8134956140306328,-1.8255009797492792,-0.3751306605870021,0.2641731894789022,-1.0262213484616263
10,1.1856426313327937,-1.9135975588445246,1.1324602159017592,1.2923604687602501,0.020490436599601147,0.29398825815438345,-1.735084102875092,-0.663003776895005,-1.0684537697430363,-0.34747768587002004
7,1.2426789145052444,-2.03995638139003,0.48217473380200127,0.7551167106793617,0.5388794799305091,-0.04363062119895522,-1.5894009532063338,-0.7368700683451519,-1.2409666819187857,1.1489451304653575
14,0.4156439126788348,-1.6827745388861128,0.2175070903738699,1.5802662663981013,-1.207706508275372,0.3007699202754783,-1.6947179622862802,-0.46445630029731744,-0.3643664566519639,0.7324621325187208
5,0.7527191388810685,-0.9893873738593667,-0.7926369679262859,1.5533203023558415,-0.09552463063329064,0.1693892713028854,-2.2237141104889293,-1.355165686083951,-0.9020122382129486,0.19513499522018563
11,2.0345439515481054,0.784664878785995,-0.11461330326083485,1.1245861664119086,0.41772345647731934,1.1734722609280772,-1.8963669943403403,-0.32550590872482754,0.3935513436317971,0.35314001306712234
2,0.8576683672304917,-0.36874183663486726,-0.8831934965775863,1.412697737524692,0.4587036996349992,0.8073705148017032,-0.921871502531366,-0.6423570508057246,0.3199262408006825,0.7084708515462457
9,1.6292175607617625,-0.5117890798839008,-1.5040215708782245,0.7017507646854868,1.4351814806578473,0.6915237087613318,-0.5328460278216753,-1.3565070023475982,-0.5754165343781359,0.5498932714961879
12,0.6037343976835794,-0.06321978415219032,-1.694421252751167,1.5928361791405052,1.3829655074438598,-0.6885700152835655,-1.7942219036925398,-1.3455246039542552,-0.9990350468228251,0.041183627998075845
4,0.6838418339853044,1.1931646099949225,-0.5655365076111327,1.0930928347912356,0.6956250132918392,1.3423188970180862,-1.961186857680486,-0.741690453338854,0.19275499105034277,1.3774190915688194
11,2.2464464269435074,0.48878098182376906,0.5506807022862632,1.8412895366797377,0.04071895450370133,1.4768281239083898,-1.943369254265414,-0.692219417258533,1.041875004596922,0.453981820032905
3,1.598610909634168,0.15999853752249388,-0.5409580484094973,1.5485158663345646,0.4157933016038164,0.761803378193975,-0.8080997033637285,-0.7818887242649664,1.3446101217331243,0.3378238799634131
7,1.104581516128479,-0.24645254734466304,0.039579734159138735,1.5115284466376493,0.9645291751313758,0.8997588872530792,0.4214161424403793,-0.3762546093635406,1.9202714086141475,0.6950955168190133
13,1.7596059313038013,0.2446117778034873,-0.7284838654985504,0.3662084572958444,0.15431688713634228,1.2195362372773146,0.6234078610397707,-0.8532363384607622,1.2232653821011288,0.16708343877028997
12,0.5426847120154483,1.4974040155381538,-0.5292744845809082,0.8585156343676001,-0.2696790880668803,0.6078436499957578,-0.8336368942341154,-1.0253555975372621,0.24673362362141116,0.7008878053431363
2,1.6617938346973926,0.9598888810318879,-1.2016300933385624,1.2954363538309213,0.2171577556497543,0.6053754902192683,-0.6587095119176714,-0.1956392715161439,-0.8007913102734364,0.4948356651126954
10,1.742124834066034,1.1015302284997313,-1.12745378764483,0.18521738006751853,-0.4404137746553696,0.35002754617289633,-1.9734125866634844,-1.585510406868742,-0.2954178398023092,0.35628377819933965
8,1.7551419298753828,0.6755630357820019,-1.249568359542042,0.6337785340344495,0.5297594145013271,-1.108969736893862,-0.21178263327424385,-2.2538548336874986,-0.1541727922952205,1.0050515803917182
4,2.4140541428128603,0.8340602225220128,-0.7328830137896672,1.0618349794083688,0.17465024071844254,0.451002575892939,0.2534814685994747,-1.1518176885860638,0.3974676349143339,1.3798032387882708
2,2.4280380162650643,0.5332357126728269,0.053452376827703874,-0.3751698664226222,0.5120683689466796,1.4931393511911404,0.07352668346504318,-0.046580075094959206,-0.7491410362711114,1.2900527090520035
1,2.6003351686098055,-0.14216702628325462,0.08548655178944309,1.2181299874208984,0.3069661335371185,0.7901389233920804,0.13393700143786222,0.3207073948446453,-0.1793223331528606,1.2286666602834782
11,2.07833929582711,-0.3082134776023997,-0.15803758902501527,2.2330534786161875,1.2316889555955597,1.507515712580572,1.4132055579631913,1.140863131823482,-0.46055278502894526,1.3569960774043888
3,1.5641529233647167,-0.8656674374859232,-0.6876527921316856,1.6675207363764502,0.8260136871448162,0.3799287784675296,1.869535822662041,2.37575633924358,-0.5367294567863206,1.4874813203473531
9,1.1602873904273685,-0.3315932399358049,0.07717173477611616,2.1753156993752047,-0.04306159143725985,0.27459614484457495,2.061620255488625,1.4253509446788626,-1.3951910742630043,0.18334201413699347
4,0.9077978404681306,-0.4225199376445494,0.6290013935415847,2.41088558402044,0.1681283106442995,-0.39457023126150004,1.4431276366167984,1.8785513575073467,-1.4799083222159368,-0.22988564860700927
5,1.0107551100585361,-0.20494566336583675,0.7841804907052583,1.45382255767514,-0.45863249251559307,-0.8174012554344021,1.2512835663599804,0.5891090885532395,-0.20284987689260148,-1.1696613993844287
4,0.7632622810302117,0.7747577739424844,0.7464821092103199,0.4398426887172009,-1.0887355385479045,-0.527108515265786,1.865213556009488,1.0670106286539864,0.534906019679176,-1.1403500276767211
3,1.0009654664949525,0.8508153693696012,0.28569021212773127,0.5170803692502954,-0.7520491073903867,-0.8014836539402868,1.927887630220715,0.8491778729271047,-0.32400107563718383,-1.6488549734267837
1,0.5688203924171124,0.0013394667569947005,0.6797287542681969,0.9118796244601306,-0.7213152479402816,-1.6573825086437872,1.9054142923574138,0.30884479048543656,-0.3194487509974763,-0.8733407458838559
7,0.23907022581352722,0.6453901504145471,0.0671962855355599,0.6831501352634344,-1.6257059938636678,-1.90926864457658,1.0428362555499944,0.5903634098965216,0.13972173705981378,-0.2952415476508079
5,0.8218091791901131,1.0390824996310966,-0.53202730789609,0.7611388424248501,-2.2008807610268435,-1.5977033564556604,0.32933742843634384,0.03559917741836549,1.0509780750256101,-0.2935994345866781
7,1.620562905470533,1.0427776582702408,-0.1892265778594534,1.0948838868941828,-1.847463982569764,-0.6919128153833639,-1.0732570406436093,-0.25226232269463306,0.38497079051016514,0.017046152496546396
3,1.494985448297946,-0.46345703165160823,-0.46048877109608793,1.315743106493716,-1.3913511361341404,-0.9948293398674449,-1.0502258431748426,-0.7290515899300385,0.7007812429688346,0.6865257543576933
1,0.29710476744237746,-0.5476677547859072,-1.7070811547591036,1.239807281081009,-1.7425641938837746,-1.6334650344752037,-1.068882669961288,-0.22043432893016957,0.7606620060498022,0.6188541144687935
1,1.3762040863155398,-1.107033865096097,-1.5476905841429267,-0.5581712744137706,-1.454089762060221,-2.1491446156958935,-0.7920982839812126,0.933820338912287,-0.6449156871603423,1.2162243089800135
7,1.117021309258832,-0.5103063877122566,-1.9222487322430997,-0.4972988440395505,-1.7093475853963318,-1.5562453685213566,-1.0415410864846721,1.9949716807265663,-0.48228333745539886,0.15473133358454216
3,1.6124057305319681,-1.077578538244143,-1.1835563620346936,-1.3986051586581252,0.33036675177281016,0.11542498702998616,-1.061241536498338,1.4670071194920067,0.03992074878177221,0.1253318862768573
16,0.8479341895088484,-1.3932500989391687,-1.8716768451052195,-0.6456754698311501,-0.16465787204972676,0.19262021741972868,0.22062420853663234,-0.11474603275231532,0.7766561355343989,-0.024576608105647657
11,0.720284511290935,0.26692326775548825,-1.12419502442339,0.26785049850561216,0.09115912293717232,-0.03500379533780246,-0.1203663449888272,-1.5464819138731347,-0.9780774022325548,-0.5336760459791398
2,1.0311657406572534,-0.5375294868211379,-1.4116032126380447,0.9680505931738538,-0.1267527080663374,-0.8956189591561297,-1.277252328575204,-1.1260818071276262,-1.0015075922254575,-0.26366325615641983
4,1.353675966904736,-0.39938687848850263,-0.7738317009495109,0.44736321863054407,0.2932841427736518,-1.346076860581414,-0.44012040201271163,-0.8109505639920593,-0.2517943385503538,-0.3733072583492142
13,0.7697220553420695,-0.17326032483587064,-0.14697673254224475,0.35750597722534944,-0.6924522705858442,-1.3072194227543683,-0.903530330041145,-1.4653898209219645,-0.35173832605109767,-0.9129119806953698
3,0.8971411801477381,-0.3090141229628166,0.9413357698783281,-0.22345739329877984,-0.7724829591134799,-1.1480757702614115,-0.9818578134090354,-0.9883015315378632,-0.17075370826964853,-0.1822162139563095
2,0.7925725784914207,-0.317382665693571,0.5322534069766478,-0.1694011888549842,-0.18914071204581406,-1.9072244216512853,-0.7466893547150405,-1.6038360793451876,0.5558972234568141,-0.06166735664030369
4,1.6235221192989733,-1.2638998994602924,0.7703945708411024,0.702572512298002,-0.08607909249612497,-1.5051671727435292,0.1886477247763918,-1.295987208614267,-0.26214420855319986,0.1369924605662643
4,1.3578299476099664,-0.5608946389358727,1.2976360340236406,2.179446283045852,-0.11420536205536667,-0.3503785207539025,-0.4567775025351347,-0.9407227511962342,0.03798839406105359,-0.24858402964556442
2,1.5506515851593556,0.08397646050298091,0.5089545340364631,1.213464254502136,-0.0384277338603078,1.0358436927649233,-0.8193697895703065,-1.112156563826555,-0.7356423786221787,-1.1748789431149975
3,1.1058353098124196,-0.1334774253259645,0.9696144290802542,1.2558754590186707,0.11555077020805825,-0.45777361554064977,-1.7568834700397193,-2.038978963373192,-1.1650935519761927,-0.46696618448689775
7,0.6031016569702611,0.821017400748439,0.8458236691055943,1.7541957515726214,0.02680850733649877,-0.8029845009409415,-1.374224746152811,-1.3894087627494258,-0.8428584439830735,0.29292371015175367
1,0.6587329066727301,1.0807303005288533,1.1669228859940404,1.2718362901108493,-0.18047983815112717,-1.275192218558034,-0.18634829150674714,-1.5829799371882776,-0.8448037670580427,0.7507367653635102
3,0.9299985069098291,1.1510370746310907,0.069670032974811,1.4451258417880424,-0.5151964926061334,-1.295873516768948,-0.6687098150637294,-0.4760378537980885,-0.6388477178189605,1.568756222239553
18,1.2636699022243536,0.49723796972185863,-0.2554581843712178,0.3445294975347688,0.2652703464075543,-0.3334722314339653,-0.743920226297042,-0.5122145418558748,-1.387570259776287,1.2447006219304617
3,0.9851870299129875,-0.040021671204911846,-0.49136898553151453,-0.03364457371173041,-0.330841288762198,1.0010296154600673,0.23535087613830907,-0.8693341898616113,-0.9542614314230118,1.091341383734573
30,1.4205616805335473,-0.21983727299458689,0.1564041754332417,0.823194193963436,-0.07035510913388737,0.1563322918925043,0.19257579504526756,-0.7479274296495101,-0.28008843594077604,1.188113529885505
10,2.021439838846987,-0.17095167520841592,-0.10699008411348909,0.7001736435720121,0.334233370076245,-0.2449972717803376,0.6784229880393804,-0.6228626010669152,0.46541056133019365,1.5914929737536962
6,1.3450265344579326,0.5494366355198739,0.7910643996909262,0.37352670421915374,1.3515197545348687,-0.6230025640100479,0.5247251303251116,-0.9516438775941126,1.1752346401697311,1.3300317457116946
1,0.8943898294863564,1.8324197797708124,0.24629525676525044,0.27760448467396726,1.3438741298018047,-0.8413535469266628,0.9706479169617371,-1.5943229532289451,1.0693270348720614,0.3717937258367535
2,1.253045011970471,1.631734222224032,0.4422816580971748,0.1356537254406085,0.9166224979315112,-0.48772356353535645,1.0351823036763834,-0.9698887834346436,1.687263895719237,0.6377201180344374
3,2.076463397578315,0.6026643998291701,-0.6634668252789216,-0.6350686333256791,0.7380036957862923,0.18616324723673366,0.786843133827165,-1.7192780763990503,2.1911272336586456,-0.17956884019914732
1,1.3989094283400387,1.5037809297711764,-0.13208579446681146,-0.6854111419902776,0.4102642067977015,-0.6923967115992864,0.37632300417078224,-1.0104035264022793,1.6479857426746354,0.371054137716467
3,1.0382466069259129,0.9305062278064271,0.32532707515119097,0.8572804884742443,-0.6124242031477914,-0.22112351790177398,-0.6841869971761093,-0.5241749395143571,1.364625901503953,-0.7635486652622782
14,1.0977652753604614,0.5310391146803727,-0.23639923871338908,0.32245020528098955,-1.8236304644138843,-0.5412026394497915,-0.6255227103793476,-0.31286076201691804,1.613181456554421,0.40553623178874043
11,0.49888646834826755,0.7326705260213187,0.04351048043909789,0.8663286883780252,-0.05481410486316429,-0.2863467817498169,-0.13724743337982925,-0.23186807424545203,1.4148808409651445,0.4166838715037915
2,0.19144317060060484,0.3110893069173552,0.18085541731774968,-0.26748040472718104,-0.16454312587098155,-0.6608674494583715,0.659423803280803,-0.0369625063713607,0.8260384318448232,-0.39407103312231306
1,1.1543287353314904,-0.6624931008637887,0.20611811678716657,0.16540217757447284,-0.15670529756096058,-1.459688024159985,1.0481980682039176,-0.46612420719398384,1.4589398335635844,0.2992858345721531
10,0.8943573171351675,-0.8188619511796714,-0.41165206473992094,1.6395399143145983,0.17367152965160665,-0.1108527412529372,1.4975157955391596,-1.1553727163212804,-0.15657981997907866,0.10580844051812732
10,0.9271406136743361,-0.5545972243766857,-0.33356330614614804,-0.08241117718483837,-0.020324709664223034,-0.8757299666279228,1.4760315382638522,-1.5205682154378346,0.21851029439849717,-0.7320842795764937
1,2.111855086619493,-0.5100798906442892,-0.42066671872556344,-0.08683114176117766,0.7904235598271637,0.6813986445840094,1.83952376682802,-1.792279582821805,-0.7729965735300468,-0.8783184164766614
1,2.1885217655864415,-1.654454895188217,-0.854405434531528,-0.5648100145378588,-0.14988496836499277,0.25193967147315344,-0.04832843447463331,-1.538078042285194,-1.0190917801949682,-1.0164692520420584
1,2.470124025506616,-2.0037703196648287,0.34153311411561393,-0.1255184067226206,0.21116431140706726,0.31377723881582587,-0.1392266512544174,-1.5236018596271097,-1.1299976504710605,0.42689069731359797
5,1.2681132222726152,-2.5934821069014515,0.41531635647629217,-0.14114006158608194,-0.35609843204077096,0.3183759933187598,-0.3460940238777803,-1.0630885296742103,-0.37074224013577606,1.1846439660679107
21,0.9462797835121876,-2.072752572882445,-0.41383009261450754,-1.034142643925338,-0.18746509579871123,0.4836284226443792,0.19067845459303057,-0.7768895370568131,-0.5472924930817554,-0.25940074744918373
4,1.6743690016881063,-1.3374056162595398,0.20018167456907143,0.0884911340786747,-1.0242584720065224,-0.2653983304336103,0.4192164743885729,-0.5225023891201726,-0.2860426587955137,-0.08738960923120043
7,1.8979333077425502,-0.37925118902131427,-0.0896116707742759,0.12636045225676942,0.25385512366779306,0.32080967337524535,0.3119817726459287,-1.1140111260765049,-1.1175142486410898,-0.2731702214775067
3,1.4859031712870254,0.5454692562551668,-1.3581714646000704,0.24000272975541315,0.5186921637162427,-0.243827794585038,0.28318089600464985,0.019611293359037107,-0.7550047995920546,-0.15444359644636205
2,1.4954071984227233,0.2114979592696326,-1.7632465980103935,0.106068694033457,1.148599340388068,-0.3070492954936761,-0.71961415035529,0.27111809360843886,0.2854164400469066,-0.8182434574767198
5,0.644972091225589,0.4974454472076993,-0.5513547748968672,0.11410177718978998,1.4150565169744882,-0.26982191825858376,-0.7293446104156683,-0.33363129030436944,0.33619263929324306,0.02128067328691796
8,0.18704307839457468,0.726419687399616,0.07102999031433066,-1.1781560857218327,0.18769823789200313,-1.2416456114629133,-0.19819380898692562,0.2563963104509188,-1.067309705507967,-0.2526095773297891
1,0.3289087458726595,1.0995898658552667,-0.04666313763323089,-1.814693677551498,0.33942641302155857,-0.27145081311302655,0.6892969522451096,-0.819643025395377,-0.3667982813716649,0.16086954464117736
8,0.8605019023611412,0.4062664687723141,0.8666895184477692,-1.7747992444647787,0.038903409592752625,-0.705357141976561,-0.7551009705462375,-1.0670471750825095,-0.4991346065951039,0.21883745697610807
1,1.1248418994570857,0.8065995748994228,1.7805502103201303,-0.8724490742199739,-0.6033784663337445,-0.32163142653439786,-1.2143682812456724,-0.17526125184581098,0.19990024596466993,1.379742410029659
1,1.024660060860259,1.354184755496835,1.4035092376041431,-0.37134915373145516,0.7187170299725829,0.2430976640465597,-0.44501577166270634,0.08397820903529668,-0.08304456085939116,0.9740532960314559
5,1.330582194392208,0.21803280837969563,0.7478093718415246,-1.6945618533651419,0.21090284389121294,0.4472774222539084,-0.3777197864614234,-0.25312009221793214,0.32981166955598046,-0.8284852647193115
13,1.6168730633500066,0.4577914100864129,0.19559018214137514,-1.5408808358973407,0.18444691445743147,0.5796706941671539,-1.4124601412917055,-0.313153514534667,-0.24067729114233488,-0.8592695392615632
10,1.4310017719424502,0.33488163291103146,-0.44659061055563265,-1.8909556546955166,-0.35277501086309726,-0.5017444873624395,-0.8768463392997604,-0.6936193711201503,-1.0487562563097679,-1.1074173036794521
9,1.0469868932763602,-0.23797153406883642,-0.1859919114374799,-1.5122631353904754,-0.5478794794391404,-0.36394301295867887,-1.3616986137763791,-1.1133295542647739,-1.434111896576969,-0.7607575269937921
16,1.0523643080494076,-0.6192151005907336,-0.6293892968321615,-0.5824757621229888,-0.7665792759015962,-0.4396341972954199,-0.980547481888637,-1.868819809784461,-1.4296094060249953,-0.7774527569283641
2,1.5169995201996687,-0.6186720497545487,-1.4217205963515458,-0.5635182295515778,-0.270098775438946,-0.12271098105434952,-1.2961000722993863,-1.815435605460766,-0.8922258396366085,0.763732701117872
5,0.0036106381166920443,-0.5447759655717334,-1.2998336773580226,-0.6569123508968336,-0.9826092111712468,-0.08121109066700871,-1.1626423722512902,-1.149490775951882,-0.9824420834414722,0.5967983324045356
17,0.8572054741292785,0.8552757993000119,-1.664016339932991,-0.4974097055226888,-0.5789200369918599,1.2721786102518946,-0.4754865115817707,-1.279369116433463,-1.1915105706303257,1.0568632625708871
8,0.9177434078792045,0.2172488155780029,-3.033284964125956,-0.6308435540119584,-0.5878680374589443,1.7215184580675051,0.18838005890996345,-0.44912805386121146,-1.1171505543938431,-0.41884410274217876
1,2.3814826569814316,0.2368640039148372,-1.6753343822455555,-0.49303273300550443,-0.6186220661404053,1.366779818751808,0.16596310309706386,-0.38348449615219626,-1.1996400934203637,0.3320156959091066
1,1.372498831630911,0.6043394617369543,-0.9494740200637889,0.46361227971473806,-0.2517525272615591,0.7887406526103535,1.4650109116121697,0.6379955841069319,-0.5100368788743277,-0.28653032492419117
9,1.4537159397169783,-0.4263875483266485,-0.713286126450398,0.3526484144722143,-0.3247675209171341,1.327093512949606,0.8140704029418067,0.9689642174277685,0.016896112810385278,0.8087703106289407
34,1.4348067704469183,0.6634672550103166,-0.8996774553202798,-0.9223118661236701,0.4213023735716852,1.5076737103191422,-0.9807754203307886,1.1986497133806229,1.5635476903309018,0.7727146668365485
3,0.5504938214159598,0.9504258653563518,-1.9860365130030622,-2.1409976615854385,0.03297090449730139,1.2701738249318544,-1.0017733422630308,0.7352594254315561,1.459600973331654,-0.41097819696915217
4,0.62650239826198,1.1041174387072077,-1.5592302797459168,-2.0338765938442784,0.3856167081471066,1.039004472361929,-1.449736626704015,0.8677986277333942,1.3326263551569086,0.5932487865700515
1,0.004583686135781306,-0.20562669520176313,-1.7067882338805616,-1.13214376196103,0.11239041543315514,0.47718491503592564,-1.4063290447555823,1.6262588582723994,-0.005400052066974359,1.1384932463624382
1,0.6272652512553488,-1.8776322935827578,-0.6320922852088677,-1.263415153778829,-1.205274668959308,-0.8101499219066309,-1.693162833727883,0.9932359885290111,-1.4861793175094948,1.9975978783176846
3,1.02338408989362,-1.266563037747264,0.12128153471228464,-0.08800067231083308,-1.2188019320414305,-2.1101544852446636,-0.800201967065344,1.5004961181742302,-0.7582741300965178,2.5981325115248346
3,2.091236808983586,-1.0828807849761801,0.6135019554745673,0.19031410713445202,-1.2021972208283727,-1.244358339045109,-0.5740789829697881,1.0430455878767269,-0.2551935330389169,3.0016330673360208
1,1.305789705135596,-0.6373187656212617,-0.7828879223626839,0.05345859655980029,-0.30032366052146064,-1.541501396084962,0.27761595207942613,1.353232355887671,-0.7337255506640443,3.3776339421345627
2,1.2322288667417287,0.0024779186097608763,-0.4146716423390149,-1.3922646247180026,0.6257403933573064,-1.1781102217375528,0.6370980123218866,1.5414477684121315,-1.4165474429593887,2.2005450452881448
16,1.9062272789696184,-0.33129105775242446,-0.32971268804791304,-0.8694011487549307,1.189977710243245,-0.5995818004525898,0.2262213214186739,2.0954866316006022,-1.1776164156059874,1.7782405510435235
2,0.35682121808422873,0.6378229959122401,0.024298977879668948,-0.40159275221624524,0.2793048463853748,-0.7468906421314889,0.3217861459068388,0.9604830547191925,-0.4980020388052533,0.5197301727929553
4,0.8957600891159802,-0.2643031360380581,-1.4043975952404817,0.5388994171154715,1.0654440604403628,-0.8371056590416638,0.03609419250843893,0.5631241953281574,-1.1500188022689875,0.9237447198371105
23,1.5113806195820056,0.039553338961457685,-0.050083994009761046,0.39171588997481477,1.3006226875279847,-0.7611730554986051,0.7585138728826265,0.7844981372608884,-0.5028277268632766,0.802015250266124
4,1.2964628042588369,-0.5396287176297561,-0.9209331965802465,-0.4309220600490814,0.3155591451140646,0.4022379294490237,1.2691401611991546,0.37693546061771077,-0.5956415100791452,1.3525903432560682
11,1.3187287691987548,0.7569826464036788,-1.250712429398295,1.0729986432157683,-0.5240987810820293,0.5526229214120474,0.9234669549779341,-1.2039643864645382,1.068157150411531,1.2906528373152153
10,0.9639367461113553,0.0789248764744952,-0.8420685664631093,1.4584771297929242,-0.866627178906316,0.41916829676810835,2.079484888011442,-1.602904009420393,0.2892370024398989,0.008767707020103765
5,0.9609453624149775,0.2690470428296179,-1.1265011905232607,1.7994822220118116,-0.8829107273494043,0.1897174301434946,2.06567074149649,-1.7287069120714105,-0.30770715005712646,0.23200990319331136
9,0.6861786928470117,-1.36019228457099,0.48487569179517087,2.4576624901834103,-0.4003022977354362,-0.37109036700265285,1.6124671951652259,-1.3255086465314605,-0.1943957823584883,-0.4474009629764317
18,1.1406220548866994,-0.4989909066070013,0.13671659923334106,2.1168053127511737,-0.21820273005571944,-0.2634792513787787,1.7970912754366677,-1.8613831152848017,0.8419950430880394,-0.2387173405009314
1,1.1617791418767904,-0.4168370809572221,-0.24281202637472082,1.9552520724760456,0.6618894894093332,-0.5008181979915807,1.7482090553659053,-2.0910147489779005,0.7114794079923976,-0.886709796249833
4,1.0369835129415725,-0.5930797063457411,0.34144873891578814,2.584607260158342,0.30984109051598513,0.7154330150833434,0.8349613792218193,-2.1172743336156508,-0.21011726925890095,-0.36557402609645107
3,0.5969246024337712,0.12237331225522441,1.8099546387730587,2.420162552320747,-0.04779305613966339,0.7420781892546813,0.6806839336861172,-1.9184229477085792,0.04407451507413723,-0.08066698578228132
2,0.8486000914633669,-0.594204677796363,1.1799944580012642,1.9256349379896396,-0.12916287824264733,0.703297326499248,0.40368813966058176,-2.176525003150026,-0.3815322561472612,-0.7297052711139707
7,0.6461896465604742,-0.3843999183415122,0.3464653436854931,2.135882746082245,-0.38675590462329557,1.8557908229741917,-0.7660181219727196,-1.5626614561820746,0.26861090589531494,-1.0166758297641092
4,0.8828692002519988,0.44280320387479577,0.2884773731217112,1.7484973270808657,-1.1102944337683154,1.349147337307632,-1.0132218983564643,-1.4908818914393431,-0.21572240256948944,0.3562466544232681
2,0.15892722599131304,1.049566990614037,0.32437314029425074,0.08067664116895945,-2.0552163274909114,0.43026515551285216,-0.5775091763634397,-1.4018913995439528,-0.9475281947481746,-0.010597501143586596
9,-0.07639075617572033,-0.16869389282941816,0.8338973389508806,0.11114428313062297,-2.060571933982124,1.1718065055211937,-0.9556603610486047,-0.7528558962702052,-1.017382319728032,0.8780897405516419
3,0.5512586270463196,-0.8742651689834398,-1.1830835626913379,0.5616170937924938,-1.435225108167181,1.7203214606660784,-1.166995538017995,-0.433519851133758,-0.08941363494262544,1.6863658722228603
6,1.1518501572113433,-1.9160760181148238,-0.9665553933731278,0.29613739016334,0.0644753662182147,1.204446395643761,-0.33401163021684344,0.44847762730508056,-0.557650594709985,1.6100848669965535
13,0.5819360981199223,-1.5344076743068384,-0.9919576531536005,-0.20389426962329432,0.011745088195774765,-1.1030808750242211,-0.515502959846252,-0.13393428853480494,-0.3908023505860351,0.010130432134078271
4,0.7421663619413442,-0.4966808786813328,-1.5544077698329848,0.19801664579910933,-0.6138871705835397,-0.34337045395368415,-0.8724205909704057,1.1738327823121366,-0.8839954795916809,1.0185801829842716
1,0.867104489288512,0.02133181866147993,-0.5826235963439244,1.001631515470784,-0.47077958632139577,-1.0174118658581222,-0.15597954154628046,1.597723579075391,-1.8021516823441475,0.6584659421127257
9,1.2244950524269629,-0.7879845751354447,-1.3270104867670165,0.49414299012689056,-1.1179392188662105,0.24266960970652685,-0.27220040749311275,0.8824292176784932,0.07922038343335691,0.7521031043762959
13,1.5789728864386896,-0.649706309832489,-1.003242872227457,-0.49553449834122787,-0.15446262158828783,0.4728600956936644,0.5020203426964422,0.7908720213026058,-1.9533249303622964,1.6517454647074217
6,-0.2560179193008263,1.3613222770045592,-0.23885015866094994,-0.9267314976735417,-1.4843781953900537,-0.021287388452551292,-0.294421486076875,-0.30385052637957355,-1.5373120018860282,0.6772408127600648
8,0.3059321701065213,0.38992043482947003,-0.6643419054504986,-0.16473269240995725,-1.1999538391332385,0.3106541624550009,-0.3774066027768747,-2.0698388771098415,-0.29472546947858014,0.24307744202388493
14,0.8892175167863002,0.08624221760720274,-0.9437242566380795,-1.3594069238668323,-1.5686142130826428,-0.1514432395458163,-1.478267049560719,-1.7927491728344225,0.7103392425976358,0.4176331503109019
12,0.9775897143475967,0.12546728796055207,0.30849816297670585,0.23995612236100317,-2.1207745682747934,1.469757181961025,-0.7206081758991376,-1.229074123443357,0.3091823459208584,1.9604503837347698
6,-0.056731953588535555,-0.1652319089928001,0.3980051262195605,-0.6917567232347502,-1.686396238822747,1.3946445200424267,-1.3936241858313267,-0.2146604328384456,0.07059908239397522,0.6470789700766173
1,0.3494623934853989,-0.27208456448937496,-0.36131987149627187,-1.0421770133648636,-1.7234259647635086,0.6590016533453231,-1.4744206047178556,-0.6033433319783605,-0.8183803091997752,0.514021289229687
1,0.8813611202173397,0.482662665856404,-2.078083081533248,-0.9780041626536766,-1.3382328303190736,-0.003537163370991636,-1.6386950790111838,0.28697988480069225,0.5586759133920709,-0.11903859476479439
1,0.5865958393630516,0.8977428533815408,-0.9285616834535393,-1.269142756711271,-0.3172383570998565,-0.2691109340098861,0.39662742333427947,1.365486730331733,-0.8139006227900392,0.3543988054990258
5,0.8280805167901317,0.15448712911885798,-0.9744672159323051,-0.46705018544950516,-0.7342738434000611,1.2945201251557272,0.8376565352466677,1.526569633253203,0.030630084780562283,-0.4146040596768902
3,1.1894398715312393,-1.0309524630392088,-0.23695681453015616,-0.6117015828568348,-1.0860694387855583,-0.4621763988068548,-1.388045989062216,0.9869684056423323,0.23376574511446618,-1.7508916743383458
16,0.9041205875723171,0.43445675115527727,0.2961075130445906,-1.0648242499328162,-1.2149269163085101,-1.5772050788782634,-1.0149023436257443,1.865550527988789,-0.421568145381684,-1.4247532473745428
13,1.1088539083200926,0.4086451006976727,-0.8317311003327231,-0.2041378978352355,-1.197925867358126,-0.034136188723150385,-1.2335138088578101,1.5341925503137013,-0.16624034567426238,-1.98507798353802
3,0.9090153867251984,-1.6282329105677866,-2.033723496659265,-0.021071090985420482,-0.9405738899776248,1.4390662803992142,-0.1714266767503072,1.7528516674136239,-0.4618564266773498,-2.2219032134819705
6,1.25161950600915,-1.2362475928264343,-2.3362719357729036,1.59797765448532,-0.9156555052881584,0.8930588249838265,-0.5582127243283974,1.3938495650984748,0.2324514767499592,-1.8048671160908407
4,0.31585335119596514,-0.7622068928612373,-2.689653567173076,1.0793833153498373,-1.5602220442311046,1.0997430544612643,-0.3737970844607508,1.1525947894142476,1.9317456033148148,-0.9352089537595011
4,1.5669571143456686,-2.2359560406208336,-1.3182092932830092,0.47298504106297923,-0.5956479110447445,1.0955704555159027,-0.31582547268494315,1.342439291772092,1.0825536337421016,-0.7216460862189304
1,2.2770980345489233,-2.1081222404477775,-1.4236678071025866,0.20107685634239852,-0.7689871069791895,0.8011439681076145,0.09165346386733281,-0.2698968880883128,0.1592063188609053,-0.32711336230678245
1,0.8849683555131564,-1.729811398528654,-0.7479889899881741,-0.4741031328184478,-1.5038358766480524,1.1271217882870488,-0.9362230285759243,-0.23865637641940482,-0.6733258541522181,0.8124247849886687
4,0.14348994620290767,-2.6012095268556057,-1.6026338115915761,0.04498457745123724,-0.5638607697984843,1.0442241504039256,-1.05013267076686,-0.04373510524306981,0.9148826073916648,0.6044548380323652
11,0.29382527578608697,-2.199470563863853,-1.3357472253673515,0.37107471516444185,0.15717093603922594,1.2507969745480367,-1.0631318554337719,0.9715496789483818,-0.12164596334246702,1.1125632037155289
2,0.9136848462264946,-0.23408040976451217,-2.0734557922905408,0.4809790814088106,0.4694582154165205,0.6738132752991867,-0.913806447541868,0.3764282692809654,-0.09873181002936973,1.1819036170650545
1,0.39817076430506804,-0.0818232931134879,-1.7374835901830865,0.9078667572907066,0.882471034546296,0.17927901674036556,0.0737759101224239,-0.6462950286682204,-0.4670447809550555,1.3314664985845566
4,0.7793870014614337,0.16691135482612576,-1.386969549112491,0.1795858854225233,0.3577044272915586,0.06776195085767325,0.47850876214156013,-0.4955167462627661,0.28887069776258467,1.0311165814792278
7,0.9287038578128965,-1.1230955966095806,-1.6357065363446575,0.37071288395703433,1.4875472241837917,0.7674492924924741,-0.20714558765736202,-0.06575294416100375,0.39891461031311926,1.6941772418569534
11,1.3739548947296902,-0.31569914107944164,-2.0047395109272172,1.428035623602731,1.469796194936106,-0.10382233424949128,0.543011988812759,1.1335576551805238,0.6240615561926937,0.9465983601180106
3,1.163029428236046,-0.48234707997661963,-1.6547001003633912,0.794167059150494,0.31447140884740277,-0.5385769072825292,-0.8156481975917175,0.21104047321720065,0.05685940760244057,-0.4587466595950993
3,1.0658604955583604,-1.1441928009923028,-1.4148953059429625,-0.7276991830401157,0.787810417916049,-1.294101372314713,-0.4621368841445574,-0.22824282992724254,0.32753915592404786,-0.926333828181918
3,1.5496898244614696,-1.1149121989445703,-0.908598349840089,0.04865329047603484,-0.9241624578494674,-0.7888558212862158,-0.2477504743276574,-1.310308099580104,0.3295695439949033,-2.062034666860779
17,0.9174551981232796,-0.37064567792440184,-1.9518576683992084,-1.3359895465340161,-0.7590510721128583,-1.3569875727707432,0.23839542160186766,-1.3433524252339029,0.16100041331726453,-0.957406352127878
1,0.2988120928548226,-0.5114304560464635,-1.2776567668555487,-1.094623431742919,-1.5280960022852814,-0.5528076654607876,0.21182817138659166,-0.8025642169349918,-1.2198600448551524,-0.6848470492870715
4,0.6949092516593613,-1.203154528670877,-0.7242531762864258,-1.3410613378150642,-1.0954629028525165,-0.32944748670516016,1.1891698389445196,-1.0503172090828907,-0.5094331745976037,0.1075194428766334
12,0.13806670048820002,-1.501534653617402,-0.4259409357435229,-1.70748718297008,-1.0332731241448172,0.5115929242915258,0.43459726936247844,-1.857323544337809,-0.17895926816183239,0.5187039020952116
1,0.3325283683933552,-0.26626283354873825,0.06539335217916958,-1.795624179512635,0.09226945871235159,-0.3573783197532965,0.8064288957295529,-1.43693156345092,0.24089266379503538,0.7762998646927758
1,1.8233027193735487,-0.6024963453483123,-0.6215495255548242,-0.8185590259545504,0.4424808004898876,-0.4071905167282448,0.1787584909946618,-0.6835594777451703,0.13353941401441805,0.2311337446893893
4,1.0501936097468763,0.6848167709893456,-1.3336958473888954,0.42197648220273265,0.579556063751804,-0.5832555518682837,0.00735276718413494,0.326540763495226,-0.4790786798684473,0.5046329654898226
11,1.194622836827226,0.015095626406370521,-1.2191900089044105,0.5715419672191338,0.07064665290346428,1.0170502479847792,-0.6498284892203472,0.9747317180873865,0.04967734901788945,1.0424718819513044
2,1.6250946730420956,-0.24913796146208783,-1.559879306790829,0.936259967411703,0.13602827950231086,0.5708198070950041,-0.9862106602899796,-0.4409018505665212,0.07345585044345064,0.7952104862795876
1,1.4007644047498213,-0.05815302151609689,-1.5286740153450722,0.9699472169013867,0.6783495979707754,0.4868693312761984,0.2778708148729838,0.12917619673562586,-1.2260480124754496,-0.10432780559319965
5,1.403443639995571,0.02289971356136647,-1.9675188740282232,0.46261095381271256,-0.11581944390648324,0.9478480531018478,0.4857081514851963,-0.13631023057005248,-0.995517294054101,0.20784970626088928
6,1.5419410051980078,0.03813464593324373,-1.7693988323236074,0.6081280612621193,0.956687648345792,1.1863685308906762,0.020843912495949468,-0.39960104253703344,-1.9416761921323613,0.1997846815847361
1,1.1532670860689878,0.48204198362270556,-1.416680836466293,0.9942892743008398,-1.007038897191691,0.6726807036301324,-0.6662481297669796,0.1050829473494943,-2.1583758229758625,0.7759017304316065
1,1.4526636192194986,0.45923826257435996,0.6238847343036609,0.04377791670539266,-0.2412250474864691,1.1883289835737532,0.12387260591099292,-1.7883763347053625,-2.464181456448311,0.21193798258853547
8,0.9813182880517881,0.5067298701335036,0.6513960834931526,0.7011868829539815,-0.011746374578530866,0.17927238655547262,-0.14569457560741578,0.2924066986395606,-0.7555862871406056,-0.5279411832685285
2,1.0111800764582501,0.2887654344675973,0.4257216143030389,0.03622160122904183,0.05482504815008794,0.27792357571553816,0.6200223145461097,0.4942952657871802,-0.8755324566186499,0.6954905973579467
13,1.413591014526316,0.103108726057105,0.009208244473552674,-0.08738066375199299,0.5167035141307775,-0.005875326704254613,0.23031537537209296,1.024029576758617,-1.0921483664598914,1.492764504899996
5,1.4810875571420763,0.1175827288635219,-0.5110573803184417,0.9779186323530811,0.3867437324650058,0.2817016875885107,1.5158083315661608,0.2674743208687791,-1.520575622279936,0.5024032007845582
1,1.4586826635105572,-0.19236791302724443,-0.07203841836330527,-0.06618527150998998,0.7261667275216681,0.22526131097649818,1.14094572494004,0.9860622655643345,-1.6127570579828956,0.72213064024533
7,1.719301602275822,0.20997289174897732,-0.3964026204971748,-0.3617547028410715,1.0659713550512444,0.590698256250562,1.1221910590164998,0.9594060607803818,-1.4842568788565398,1.784276257121174
2,2.1861033820276763,1.309972933984881,-0.7388161428871196,0.7878244446742937,0.761013565670533,0.4873052255406304,0.8426732888376414,-0.7038306746551861,-0.7952259990443155,1.4239962395567114
1,2.8123409178537324,0.05161075895269218,-1.5176386863607576,0.837052921100834,0.4412668018660298,0.4329433321969009,0.26309377033386705,-1.4523241684191448,-0.306602056121166,1.9036418188807123
5,2.544435182431664,0.3657134697513114,-1.43431095882907,-0.06961141892765033,-0.40561390676009706,0.5151754578056564,1.3988392838028894,-1.360378369584208,-0.2760116453361862,0.10638998014267287
15,1.2148372573339206,0.42249729158518545,-1.6620506688305179,0.09014123772609126,-0.9775141782596595,-0.5913160962284902,-1.3225829942078202,-2.3038651956569396,-0.26249106380250636,-0.26071595199607933
20,0.16789991567912455,-0.0009864773069038213,-1.0060928628790249,0.2563028363391045,-0.6601425279458164,-0.7767478330337751,-0.6593319387010415,-1.46067821498877,-0.876831880819303,0.6703740193390366
1,0.6831713612927939,0.0022536149059050278,-0.6195614306355304,0.5482298008456503,-1.0010416155786495,-1.1699387107277208,-0.16618191587783016,-1.7015542783572886,0.12254223176715806,0.5100851574396172
14,1.1184713871466778,-1.194042848352079,-0.5362872567619148,-0.08469046488298981,0.23357407464108593,-0.363502384594921,-0.657869347924977,-1.9976089230609586,-0.0724117321287279,0.5185058855018997
17,1.1299774189129133,-0.8166791856452829,0.21397094185842247,-0.6763827279728242,1.0664356741475176,-0.2100396031616243,-0.10507407026867899,-0.8642900492203889,-0.43284071916045197,1.2153814231508333
14,0.8037521567216572,-1.01914327318903,-0.08402601444613644,-0.014479027882062234,-0.3829697610701861,1.0616806361921431,0.8542748335869579,-0.6667792436430142,-0.4923510177054519,1.9018428586248233
10,1.8399778432816507,0.17219290818926303,-0.05450299784235875,-0.06658404360704132,-0.46742863248908795,1.1253898686395305,0.07913427655382566,-1.5850860060298682,-1.0395039613906063,1.6891561730020688
13,1.6028815913615815,-0.31355771597504684,-0.7141495301946525,0.4308539593990949,-0.3923140566287829,-0.5367549265303202,-0.14211758722659582,-1.1690533207254747,-0.8558112673496203,1.8364942408682954
7,1.2814024170984855,0.5069723209144428,-0.4461126822389531,0.5557255078565417,-1.3720903072552781,0.18113839508731533,-1.0290114210966346,-0.24130736206329484,-1.5148094984632186,1.0042843089452815
1,0.18080701642963892,-0.002163316507372115,0.36578822560391694,0.6253678965345704,0.8125403892123058,0.3922407279817225,-0.42180975492545647,-0.865449696231684,-0.5709269866452522,0.8530023003825224
4,1.9503182922032514,0.24432836464954585,1.0881090360978036,1.2792836894051969,1.3701130610939933,0.6521016538048263,-0.2556319890423402,-1.5872372125790344,-1.4259318861233083,-0.4666753004006168
5,0.5807741310651686,1.0356010838995253,0.4227575578666386,1.4482773534297746,1.3709950514074734,0.6395797442271506,-0.22413278548898052,-0.9581054832536886,-0.4586178780107566,0.2182302859550539
4,1.1749240982200475,1.4180821007461841,0.4067629600932281,0.9727717151165769,0.8793634180207355,-0.42700560881652205,-1.9238735580629864,-0.21136427509721745,-1.447082311028916,0.31329852525460816
4,1.065465567041762,0.9094891582532417,-0.123221574802023,0.45359673968234704,1.2795736823506025,-0.22675105852024677,-1.9342215270498246,-0.598114856352344,-1.6599240512477644,0.940252724440582
6,0.24222878399175363,0.9483331880392716,0.7758847491526832,0.036536980522486384,0.6083520380760779,-1.2620580331167883,-1.3708447111284765,-0.47906230599522687,-2.039213259188406,0.3628402785761734
1,0.49776592616551896,0.23173062862755023,-0.13611773047536257,0.9883690151667541,0.3686909044618831,-1.0526617648191434,-0.8958299002770724,-0.9131009049358938,-2.421423779669415,1.1354755145802913
4,0.8408212488719342,1.0455598963540096,-1.0191523786772865,0.8772396062043522,1.1793709141491264,-0.08986514456030925,-1.0349217877129486,-0.7787369774346596,-1.3928083730405327,0.27970844429601327
1,1.0045829485220081,1.2272540720058855,-0.005736109657306088,1.1045252287156704,0.3934880132448977,-1.0006753463743958,-0.9795249281204199,-0.680095779141884,-0.8432417897831918,-0.5186508705148223
2,1.1290718900412626,1.4569937998627052,0.5161689483167259,1.4100740001584922,0.7522183790627741,-0.7874883335281071,0.43405970770575664,-1.0419690050787116,-0.5255759642747826,0.8243007355789709
11,0.9827388408890849,0.3007282506005693,0.04643180505429706,1.956354011025256,0.5535883701605749,0.353318513307739,0.9133579837322326,-0.8574203449136801,-0.6111603155833376,0.8131298216902507
1,0.8752695698987465,0.6210790662532919,0.032718423160827764,1.9027848052229053,1.3572031598838685,-1.3709533034966501,0.5384470882389437,-0.8059394336982686,0.6361813133080747,0.7784632141673518
3,0.3640347522436954,0.1694470216984968,0.7364843631943359,-0.02859333616657933,1.0416337170480672,-0.7541118877178371,0.8195222840096625,-1.0672554132342256,1.1600079688668319,-0.32592890433645305
1,0.610913324378574,-0.929371006594594,0.6541740481507017,-0.06346202334380871,0.6286855795053702,-1.576253409156509,0.5232192565105178,-0.5118271350857015,1.4127456751247376,-0.11821956883836637
7,0.8331086312791334,-0.20183789174907074,0.899114479109888,0.7885784043605452,0.3884626020075297,-1.8659705594209754,0.9917695030849465,-0.6078795689086216,1.3745349222568308,-1.1028428286869794
1,1.0001396511106615,-0.9785026107666976,1.353274623396169,0.7371317283370549,-0.18770645576277367,-1.564464690448746,2.454037876420374,-0.601929617210314,1.2062597713154424,-1.596576725956684
8,1.3721204208781166,0.21696882017496333,-0.07413428165384972,0.9240568664270437,-0.1290609720389376,-0.7371919183609577,3.055348821022854,-0.6460472005796496,0.1960778693635945,-2.0186756865573625
9,1.4734407974494172,0.5666420598323778,0.015265383786738113,1.137683595392461,-0.16346978764407466,-0.09125861911458144,2.444306924362493,-0.6128948488734919,0.08289362790591019,-1.1615313917227283
10,1.149278138554719,0.7239096954890147,-0.49638118208766,1.0239279033016446,0.45468487591667,0.18505171365140693,2.4912509536880485,0.5885590997702438,-0.40578728686981264,-0.9505276857289371
17,1.0195901852881137,0.01729021004091258,-0.7604674986275314,1.004873831684025,-0.5272800471930128,-0.35092553704084795,1.6681862865645454,1.8491545053213305,0.07000954130791182,-1.267680050089194
9,0.5671005128100159,-0.6692312509860645,-0.10267766183512572,-0.3423910979108862,-0.992502466312964,0.15647989007090535,1.6514887533944869,1.5247432409486545,0.0885963376548142,-0.5944783241123522
5,0.2115451565110511,-1.3170907322448646,-1.1688392347089858,0.46467080985376796,-0.2717535294138502,-0.6171380266869092,1.1209653812212916,1.7289461375427937,-0.1341489491515491,-1.366642824576179
1,0.3105536213397114,-1.0804749924360642,-0.9831443823475431,-0.3563437361904396,-0.229834523318634,0.4657763467223436,0.4257916408092497,2.2245144387930225,-2.031434844945613,-0.7879984086290691
8,1.1058219574584611,-0.5733529607485705,-0.9823498047947224,0.05477175346076851,1.5735315890290678,0.2483904214290787,0.29618350956442496,2.129683565312792,-2.0245643483534774,0.424865547846896
21,0.4251981179724571,0.5524155188155543,-0.43821486214795824,0.9799189009028619,0.14285447957105957,0.2741278840591819,1.363658221835411,1.559076351560388,-0.7339337058261135,1.860862598758135
1,1.5165573465672224,-0.30436991452872053,-0.8585570864652277,-0.6545251186865999,1.1883948573401948,-0.3889624269661031,0.9047668482394928,2.318612544435848,0.8713056577449279,0.3237479645564514
12,1.081216832348499,0.6713436536645091,-0.9614692830944287,-1.4565222179568915,0.701585419257085,-0.4265282443256547,0.3453537880683363,1.6706810160383907,1.7994552962593033,-0.046729528806895126
1,1.976064178299938,0.1938349414138253,-0.5120529354345434,-0.6562723171104283,0.9147924291089737,-0.5833038076553099,-0.6504808865365151,2.3889179875019217,-0.3198778413972527,1.0223700144854677
6,1.2060661832301198,-0.26836965492370235,-0.5362633415028488,-1.0860272363744918,0.5935055211970921,-1.0111911803397118,-0.8582985279867373,2.693426825516485,-0.15417659630059882,0.16435462623914654
2,0.041522789889146594,-0.5624298896960513,-0.3856854346898544,-0.3524235169910137,0.9473903275377454,-2.4324022077478946,-0.7604420258217377,1.3670059430800017,0.3465918405545025,0.15270155357183773
1,1.167680234150295,-0.38973269201397764,1.4488032547078793,-0.900052639189794,0.9854635081765576,-2.0262950061060137,0.5456073314479926,1.3305193168686953,-0.5074177791268211,-0.980413086190729
5,0.9550296669160543,-0.271919050410184,1.592498887057448,-0.9745157266709358,-0.49822886626084684,-0.7184457349376627,0.40788211924129697,0.8133978750675235,-1.1327861651850182,-0.1713940211420264
5,0.942446978209774,0.09079781926265335,0.6933509428177457,-0.34150177667390536,-0.7913956850921697,-0.8213980179749909,0.24835011304372379,1.762159430461816,-1.4603107114425322,1.06313557145939
4,0.6046872908558557,0.29609664188476775,0.08461354640318208,0.4644862523953476,-2.0035598719520036,-1.1444243501915723,-0.01192104755726664,1.543345379110325,-0.9198847466512441,1.2074973117592345
1,1.4171023086077095,-0.8032103516742373,-0.7734478953985445,0.12398099840688226,-1.2066742604835459,-1.2071886137113172,0.13655469096055764,1.6197273189343848,-1.5210786699323653,0.4529111653306781
19,1.0865253233098486,-0.2920702344727645,0.15783159248738488,-0.10421310418375535,-1.2059054860109166,-2.696480972535723,-0.6210390812181364,1.2374728190105866,-1.3692769576896362,0.05368598845103012
1,0.9832330930164628,-0.5945580881358139,-0.34537226056556425,-0.7564351847014439,-1.2581685433556435,-2.429613748662632,-0.3440738526233004,-0.09162711827800862,-1.4481792027707214,0.970433828649547
5,1.8044462655939468,-0.04052502900247401,-0.5443410807107688,-0.22453849384902314,0.45262605426918756,-2.2503786998112165,-0.671493524387119,0.08527900552398093,-0.7537004263404361,1.4552182170308723
6,1.28661093758084,-1.1121987765845733,-0.35677189419090477,0.06287647142193575,0.3972678606908923,-1.3898894844202867,0.18155783714387963,-1.8730268594686958,0.11945396161802513,1.7841994825501244
1,0.9394074816636233,0.21337081928176738,-0.04024298658704839,0.16146641544832757,1.0288158595325707,-0.6459745925102034,0.10044864262594273,-0.6776662725271045,-0.07384835239958537,2.6546906739786422
1,2.053529118949167,0.4665645796774786,-0.805434486614379,-0.09767735263142269,1.4553374195286448,-0.5816567655069478,0.09974695641154016,-1.450716487099108,-0.4332586975674729,1.8542167739519237
17,2.256306288820328,0.10690084684253093,-1.2822856301588927,0.15746880407000957,3.464745287767266,-0.42570938119426327,1.0143410677667661,-0.9291776952584169,0.4512472288408717,0.9320794886198146
6,2.0354832846378526,-0.19177989977311277,-1.5112310993820066,0.7101663581621593,2.6616070933041756,1.0970105201178226,1.818607668007093,-0.7766129563070494,-0.8988630331260914,-0.10139864653026176
14,2.1217296714553124,0.10329074766249424,-0.8520534950126216,0.3030939415001257,3.3931215501471996,-0.5931311223580844,1.6964333168143868,-0.609619795278394,-1.3417005580295442,0.21360404102138864
15,1.1064870956611168,0.13937542384138787,-0.9082361850752392,0.763626391274824,2.0738984020686484,0.30586744793651177,2.5851330078318675,-0.001826537874127343,-0.7760321185216288,0.8029025464859302
3,1.3990568344601941,0.8452079214298823,-0.6199331933796317,0.5663882398497327,1.351774614813639,0.17935667853253057,2.1754825167756895,-1.7694067583320225,-0.9216415125141386,0.847786826845128
15,1.5838237751448112,0.5990049272183039,0.11781125639494361,-1.1700184903206385,1.3591743116521335,-0.28392144333891983,1.9835502498649547,-1.0672208949323625,-1.1911666960508909,0.6281327068834166
17,1.7731591315868882,0.5547981620588196,-0.6542414661038053,-2.1658292225078744,1.8869339945608035,0.7014194887089271,0.5228027701244722,-0.009880465323361065,-0.40301036623538167,0.5383114504889218
8,1.6847196784307892,-1.3978064097981031,0.22632881349527323,-1.3394779466596294,1.1307822235433893,-1.0097050680404234,0.6656393875314406,0.17281291765832757,-1.9267710420020971,0.6011186420719095
12,1.479449002760761,-1.1381022344368936,0.5167254564255355,-1.2998717179550858,1.2942903191181463,-1.306075564670786,0.2775153795958179,0.1847086713178573,-1.28245280518202,0.40875033954687573
1,1.534076328848225,-0.3355151745625773,0.8710351935301595,-0.5379487622458121,0.07175228871837769,0.2061169815098638,0.7265744019382858,0.5381429441430385,-1.7410913557656729,0.2523390147629497
8,1.2576936585954663,0.27309123442960836,0.39213877312834516,-0.1054309081101808,-1.9340519283576967,0.6499383603204052,0.45610986865546904,0.13579757197215336,-1.3583081568644138,0.2846662131510415
14,1.4276267952104011,0.5321820575148946,-0.2356524872576085,-0.09709079090265141,-1.649698108384915,1.4509231781966139,0.4548609215293412,-0.28541993373304275,-0.6716186081507146,-0.0340515547125248
8,0.6990639354060222,0.7017649585854789,-0.20958584997858692,-1.0734299327808654,-1.7414397403785713,1.6530681940123464,0.5000771563911187,-0.7529388375944961,-1.337232082159431,0.7045981603813958
4,0.06773483203301933,0.7986349095425235,-0.14295170417587683,-0.8061996046131783,-0.7645986634574228,1.920627934888476,0.7664149367778319,-1.7856619627617696,-1.2191406202715118,1.105345192138808
6,1.1605015322947336,1.1048982722195335,-0.40982994111457177,-1.577138210545105,-1.418114522054857,1.8808997504442775,0.7974500856342774,-2.5586704997314142,-1.158648558646552,0.47639540335821373
3,0.4824828309505418,1.5755065301106241,1.4962923708262186,-0.8990925776122116,-1.1798963203321415,0.9625678227940404,-0.019120867473828018,-2.4162804796452457,-1.5307303777850796,1.2704320947912202
5,0.13336961509220813,0.7174812863332097,1.5793955823489678,0.044383889799858744,-1.6842301780915216,1.2219326230069532,-0.8694732849057313,-2.4944478682085203,-3.259066363917831,0.917532770434432
10,-0.042359863109428936,1.9448298957854342,0.4000881023189746,-0.3632835094983818,-0.8783739255512085,1.805884407354705,-0.3839413073962584,-2.0794370849616737,-1.8932744732680782,0.018249344310819593
2,0.09507181694469372,2.029567154902925,1.6162112288045887,-0.6019976019316348,-0.08760693206589754,0.7109364683565305,-0.16160121806201394,-2.3287542695453474,-1.647047432925721,0.40977147336799113
1,0.00014936555056603573,1.3422454529256074,0.8466147840436207,-0.37749517171349134,-0.7472505851968974,0.7008599605843111,-0.0015189910092263115,-2.4117469175685735,-1.9819872538352041,0.6713485958192809
9,0.7982640286281347,1.3333745568926192,0.8260314257261365,-0.8753644499130069,-1.290382060359973,-0.4010970310533324,0.6721777698542981,-0.5258809682183099,-2.0101780245625434,0.7687268816587023
1,0.7240027382591248,2.1226285896717454,1.660551450970415,-0.17492943735782718,-1.4341479876204009,-0.3796827231028719,-0.4033939346326647,0.18800033191068433,-1.3230098171746238,0.19305128011459238
4,0.6941484703136168,0.828499572628973,1.8180775630422894,0.604923635052225,-0.4853250081616465,-0.3325299289331908,-0.9645595935439982,0.8553837507407971,-1.729391369949263,-0.4482195071529992
4,1.1902483371880717,1.5351926683889976,0.7333127309710867,-0.3051215391990896,0.4153377723053324,0.22964229538287384,-1.2882366254013045,-0.5052084639522809,-1.654807935718875,0.7242398776877378
1,0.3031663755167594,0.8983645127220191,0.6617519701653337,-0.19760294397052552,-0.2980896708398598,1.4952949829307831,-0.7371645943516816,-0.041460963308863896,-0.790383367608418,0.12097584516562965
6,0.212401061058624,-0.6767067646367554,0.4959968765234263,-0.2267112070024553,-0.23482371762401527,1.1455300990443162,-1.3759506027982293,-0.7974993353758966,0.8165494107385152,0.4540521145994757
5,1.3178054977846412,-0.2818247546471418,0.50948192400953,1.1792598429224472,-0.5402927047739371,0.4893559738509906,-0.8604765354580992,-1.7360334800691506,0.9296649556738462,-0.2541756180863617
6,1.1464615759160475,0.1211809337766187,0.2656632917412953,0.8724006903096877,-0.3582209944663286,-0.27570871137519437,-0.9900372042596336,-1.6605257234561714,1.7809968005920231,0.7936404742711043
1,2.1018510263986037,0.48915047473608547,0.16359307978843407,1.6251116051395738,-1.0541776729280525,-0.13913530888159312,-0.4932661753942009,-1.0647597635088257,1.6430767951941287,0.8005583341548427
1,2.679263443864162,0.13313700943502826,-0.07298169332640472,1.734543554603098,-0.8940447898613624,-0.004536905397858976,-0.516117321524211,-1.081076939242537,1.2224759553542541,0.217905465085921
13,1.3807794365804593,1.6483925177933005,0.6865714743911865,1.3872215779333525,-0.8721726523985632,-0.2357804643916673,-0.5695005616337977,-0.7739123227259204,2.7754778796717194,-0.5779901909911892
1,0.9075166217483414,0.6466483648796248,1.0796100564504811,1.2917806892225885,-0.7207513110820812,0.3293947165524016,-1.3829073259212163,-0.41045889068872676,2.927085410218082,-0.022859014567991665
1,0.7320656899752093,0.9836726242238565,0.9137321857740291,0.09596713024919268,0.07615266916390573,1.4694878492856858,-0.7520936416495628,-0.7504213938557371,2.2792699776375125,-0.5678099821596874
7,1.4558102376897626,0.5848368871188427,-0.03568261360532066,-0.5115722509381659,-0.14270720253115787,1.4086118517914985,0.30592153294257296,-1.4214897257127261,1.2636264663181278,-0.7895980527477608
2,1.182196213547682,0.06994057377205587,-0.4994880871258213,-0.12811957325829604,-0.9400296570047271,1.3179472607030598,-0.7562471313945657,-1.5249191701085165,0.2656878056387345,0.19275355837000396
2,1.4222760593947035,-0.8696172582504528,0.16136093734869922,-0.8010704090310506,0.7194633017484495,1.0994177480947356,-0.627876662998783,-1.2119751046510898,-0.5185077471653924,-1.218713987164666
21,0.5200107503214674,0.11970043886483694,0.05093706037885143,0.24722779335107792,0.28010146425959037,0.4652590527600964,-0.5752218899992317,-0.5732731326345796,0.06796366139508603,0.018253198306404483
2,0.6181046737601782,-0.11036802512539737,0.7277943716143374,0.406227610366729,-0.038545227132033344,0.09793439852831398,-1.1455640948059957,0.04930947762018312,-0.11697673687345717,-0.45032590432778274
1,0.8738724404726418,-0.050474637433802476,1.1444054182038195,0.15648270384993038,-0.4445166087157697,-0.8147768202427804,-0.5013000128554238,-0.8749336482105788,-1.1818130090653363,-0.7905913598648886
21,1.1302912531965619,0.5406735770234409,0.9358156400766504,-0.21576038425983898,0.2612959278869297,0.3692549389284715,-0.3085054857037138,-0.2657115720102883,-0.32096897344611774,-1.1676227998761268
1,0.28117447099589676,1.4475802676870553,0.7167682433983367,-0.4114908584668726,-0.46165381941903794,0.5611769767728556,-0.9312076964436686,-0.20630926966697427,-1.6041529925420805,-1.3254503062061525
2,1.0869697856863165,1.2743728472340161,0.5442503445993576,-0.05616597549336272,-1.4977778346521844,-0.13975243174978802,-0.6066827542210904,-1.1781901712358733,-2.4643186582583625,-1.8462900308991959
6,0.5484421535748673,1.7689342315585541,1.0075975913324182,0.05119100672003182,0.36404510860748673,-0.47938092323506676,0.06091948114408108,-0.997192368575586,-1.5305684621831932,-2.1836304313940267
3,0.5423601969915758,1.3828804303943993,1.6681101440107409,-0.39221924185054935,0.7780594346326746,-1.163423338470981,0.027172629256517103,-1.1325716668474117,-1.2191933521071392,-1.1189800829668608
8,0.637868706418283,0.6807354540501098,1.1830424202068301,-0.06364549829538352,-0.767512466223935,-0.7149950592319205,0.1339834069219185,-1.3314620721199169,-1.5516028869372862,-1.798706416878523
1,0.5220460172212641,0.6490600127264936,1.2153523792176064,-0.7189045535148009,0.0959911190734255,-0.0278521744098591,-0.3445646616796392,-1.9511238253396497,-1.2599305065895612,-1.3793899773770475
10,1.897153656558829,0.9387474050373057,1.353988901821542,0.08999672080335563,-0.4381201756527936,0.35777885785443975,0.43038569973477503,-1.4286260733120348,-0.22302335601703205,-1.9295977647828728
1,0.8342792833100001,0.8056065221486358,0.013681065321168528,0.2962950019326598,0.49147846103111636,0.2235904650570104,-0.5689024757660651,-0.510765208952279,-0.6634506199671957,-0.7852586522207805
1,1.1780140298429909,0.8392649150300037,0.3563238431038929,-0.8251539677179269,0.030635049906533485,-0.6146661926062548,-1.2091909007218282,-0.3298713162775111,0.6256961871173472,-0.8731771855531526
1,1.808286485735208,0.8070386134914582,0.7523070651887205,-0.7510860266024864,0.4416334620698707,-1.1031563660730372,-0.7719022282450227,-1.0994697763296504,0.19809532857981038,-0.47593064617309133
2,1.5802805670486395,1.3713833672049356,0.7999251347223573,-0.7154218191857199,-0.3863610621232378,0.882837794751349,-1.4312932257115774,-0.5776569442981613,-0.08419621580113984,-0.7591589506299117
8,1.4644417765200273,0.20935079843837467,0.8074666010680139,0.1990708109283833,0.046605752652575605,0.3319677538054958,-2.046334969091662,-0.13051362940758332,1.4203300967952803,0.713221233677122
8,1.585548185580913,0.14156361093451203,0.372990387648779,-0.3155297219885238,-0.6634170838243851,-0.13346813561014365,-1.0864770951282003,-0.9847279701091567,0.31581544910886916,1.7548248012997147
5,1.030656733646592,0.8205835231739567,-0.37437652543024336,-0.4800008577903242,-0.13219014435830811,0.2434950599427395,-1.144544018137725,0.5426755012864877,1.242311355922688,0.675655636981217
13,0.8829556782075392,0.8194754155218824,-0.9409365449649083,1.379834809265343,-0.2558255910143645,0.3548391802955697,-0.6936796292561878,1.03785153417243,0.3557316535367301,0.5142968599562213
8,1.1931407659889979,0.3479630650019139,0.05689248014598369,1.1047774564568364,-0.23086080320054303,0.5109776569950291,-0.6850175872924879,1.3388004789500711,1.0516102103944358,0.5397812376355012
4,1.4643426604940775,-0.9493676276044929,0.2453785196906895,1.0071388771984406,-1.0072996249328083,0.22348815336444594,-0.05645196810401876,0.4442866048998857,-0.02146842995540621,1.4584762941552123
1,0.3912680947888547,-0.07941264767742595,-0.6948161771507742,0.6653770122926632,-0.6920343334208883,-0.5129714244734631,0.4181542690786329,-0.8736069203376982,-1.2110846817864016,1.287780035333261
10,0.6200727755194388,-0.516989051597571,-1.5325825350072055,0.21189194489510532,-1.0158767228753098,0.6504688955932576,0.1228821600111612,0.4532104131440866,-0.9993029508797382,1.100618999657946
6,1.7487010597614783,-0.7802452884789215,-1.1249855056604534,-0.21382778055506418,-0.4612928688722746,0.9141984203942919,0.6483848211777103,-0.6439418685530622,-0.7839468566250054,0.8416266882375767
6,1.0810599770204217,-0.168067154465807,-1.232355337060229,-0.268934089809708,-0.7057660289789233,0.008643069248179258,-0.928775369017713,-0.6611465500127091,0.19282396911867306,0.10933545509006137
18,0.4962728324671837,0.19952645476244707,-0.002075234478168042,0.4843755796335467,-0.6733946468171548,-0.7642181666687461,-0.5335857505028914,0.011026071172529073,0.5414372076839514,-0.026567474355280313
3,1.2567220250435458,-0.2373491880330294,-0.33622690162361235,0.731299473229674,0.2884311151768294,-0.7443314755777867,-2.2281073043535713,-0.45482284490319635,1.1012542662818865,-0.6819665338332912
1,1.186689774349269,-0.7576157824684446,-0.7993447252808268,0.6611283424641095,-0.1181390480188162,-1.2375373089030515,-1.1739281203129315,0.2527005294195319,1.574318386641235,0.7154042707131869
3,0.7047350250609801,-0.7918295478056645,-0.5704722919138885,0.8312200723011993,-0.5894721754642844,-0.5902821339716058,-0.8491197931270521,-0.3062351601385488,0.7796045386030094,1.5237810996890842
3,1.53588600445384,-1.2616259718733922,-1.086796986922276,-0.05554939960427929,-0.03531357708106808,-0.24864097303980714,-1.1103720002283164,-1.1719607000026673,0.2841528189499133,0.41518485522035053
1,1.5771186545014773,-0.804452646497257,-0.8653238288408365,-1.2223154569309564,0.09453839595707408,-0.8429193451879998,-0.17697093011210774,-0.4744705731258816,0.2715913789405826,0.7140512459640855
4,1.219677906050634,-2.1336706102191147,-0.6689103006255304,-1.7804729532851458,-0.04162796961936091,-1.0910107310838586,0.979353339354967,-0.22572943142104965,0.012295511017533567,1.0607950187996757
10,1.0761291480615212,-2.4703662270041664,-0.569941584045502,-1.8057270332751567,-1.1050561875611753,-1.4087495747310204,0.8397186240730542,-0.34891266282803185,-0.45502708120002605,0.8837784827179829
8,1.1098593770999594,-2.490733339193974,-0.8270020503669444,-1.9448393953019536,-0.32902005494799647,-1.016393506451951,0.9666243466413915,-0.7229293896264032,-0.8311695839160747,1.2327875098196168
2,0.5872754868583688,-1.4798983899433182,-2.2353029788550245,-0.7055215128727017,0.5512168011690098,-1.64118094256136,1.9795261667579431,-0.1346978354864219,-0.16304851778002982,1.515592016133332
5,1.33218666522601,-0.5174002788407444,-1.9528272268143378,-1.3451041378894972,0.8000851685534361,-0.22997591923887395,0.2982568828004346,-0.544529799596807,-1.37401587762997,1.0104239811563116
1,1.6297831790757629,-1.3756437226728442,-0.6474615500606855,-0.8999981655053135,-0.8666182395838141,0.19545214872547567,-0.5427781561870886,-0.8834506768357426,-1.2366428894447306,1.2496495056123427
1,1.0725712275247337,-0.25120214817978503,1.0019201976174579,-0.4810393270913718,-0.6838011325936568,0.27967309154702885,-0.19265774982648554,-0.7822528251565588,-1.4539475373967445,1.7693219563405322
29,1.3326710354214795,0.6843296639224828,-0.8211508364953664,-0.46713565281550834,-0.7405576813732715,0.9819165025719865,0.06594753192727787,-1.9553679664974106,-1.1489811451010898,0.1433700482710567
1,1.859867995955264,0.5189699843132428,-0.9011507487035867,-1.1821193068530191,-0.08351757779414626,1.1631715099538253,0.6511164029861467,-0.9382138986188229,-0.36257383835652657,0.659646116340813
